{
  "patient": "patient001_coarse5_fixed",
  "tetrahedra": 9439,
  "interior_facet_pairs": 16140,
  "fields": {
    "historical_proxy": {
      "fiber_average_norm": {
        "min": 0.9055460590496627,
        "p01": 0.9336970617923464,
        "median": 0.9790265851224688,
        "lt_0_5_pct": 0.0,
        "lt_0_1_count": 0
      },
      "sheet_average_norm": {
        "min": 0.9870776671201271,
        "p01": 0.9916824270653695,
        "median": 0.9968049246159263,
        "lt_0_5_pct": 0.0,
        "lt_0_1_count": 0
      },
      "normalized_element_fiber_sheet_abs_dot": {
        "median": 0.007382097469485677,
        "p95": 0.022659564343406356,
        "max": 0.044378037367933214,
        "gt_0_1_pct": 0.0
      },
      "neighbor_fiber_axis_jump_deg": {
        "median": 5.168260168631575,
        "p95": 10.759724456004774,
        "max": 15.541959904267422,
        "gt_30_pct": 0.0,
        "gt_60_pct": 0.0
      },
      "neighbor_sheet_axis_jump_deg": {
        "median": 2.320475006755851,
        "p95": 4.396904148991064,
        "max": 6.315138729032108,
        "gt_30_pct": 0.0,
        "gt_60_pct": 0.0
      }
    },
    "bayer2012": {
      "fiber_average_norm": {
        "min": 0.01160932428019241,
        "p01": 0.1675449180057034,
        "median": 0.7726061181441984,
        "lt_0_5_pct": 12.437758237101388,
        "lt_0_1_count": 19
      },
      "sheet_average_norm": {
        "min": 0.003619894326825691,
        "p01": 0.325140588496981,
        "median": 0.7399414891148043,
        "lt_0_5_pct": 4.534378641805277,
        "lt_0_1_count": 5
      },
      "normalized_element_fiber_sheet_abs_dot": {
        "median": 0.1616915033857873,
        "p95": 0.6536142104274083,
        "max": 0.9999799361161865,
        "gt_0_1_pct": 65.60016950948193
      },
      "neighbor_fiber_axis_jump_deg": {
        "median": 19.40436990865711,
        "p95": 54.55932652347753,
        "max": 89.90064685331164,
        "gt_30_pct": 16.456009913258985,
        "gt_60_pct": 3.45724907063197
      },
      "neighbor_sheet_axis_jump_deg": {
        "median": 18.503362008150734,
        "p95": 40.54156954803508,
        "max": 89.53343503218466,
        "gt_30_pct": 27.17472118959108,
        "gt_60_pct": 0.7992565055762082
      }
    }
  }
}
