{
  "patient": "patient001_coarse5_fixed",
  "segmentation_spacing_mm": [
    1.5625,
    1.5625,
    10.0
  ],
  "boundary_facets": 5476,
  "markers": {
    "base": {
      "facets": 277,
      "area_mm2": 2447.968958214981,
      "components": 1,
      "component_sizes_desc": [
        277
      ],
      "z_range_mm": [
        92.08737933333333,
        96.862091
      ]
    },
    "rv": {
      "facets": 655,
      "area_mm2": 6251.403748718411,
      "components": 4,
      "component_sizes_desc": [
        651,
        2,
        1,
        1
      ],
      "z_range_mm": [
        5.492719,
        91.95428199999999
      ],
      "assigned_distance_mm": {
        "median": 1.6175306531844238,
        "p95": 3.3846527342950625,
        "max": 5.6756098594002635
      },
      "second_choice_margin_mm": {
        "median": 6.1476641926273485,
        "p05": 0.8624269795262647,
        "lt_1mm_pct": 5.648854961832061,
        "lt_2_5mm_pct": 15.114503816793892
      }
    },
    "lv": {
      "facets": 2141,
      "area_mm2": 20867.657511922313,
      "components": 13,
      "component_sizes_desc": [
        2107,
        6,
        6,
        4,
        4,
        4,
        2,
        2,
        2,
        1
      ],
      "z_range_mm": [
        -0.941472,
        92.03892766666667
      ],
      "assigned_distance_mm": {
        "median": 1.4071264573512752,
        "p95": 3.9830599712044044,
        "max": 6.163724877718408
      },
      "second_choice_margin_mm": {
        "median": 6.965891333333372,
        "p05": 1.0537259736078566,
        "lt_1mm_pct": 4.717421765530126,
        "lt_2_5mm_pct": 13.498365249883232
      }
    },
    "epi": {
      "facets": 2403,
      "area_mm2": 23828.96471679904,
      "components": 10,
      "component_sizes_desc": [
        2360,
        16,
        12,
        6,
        4,
        1,
        1,
        1,
        1,
        1
      ],
      "z_range_mm": [
        4.306728333333333,
        92.02942133333333
      ],
      "assigned_distance_mm": {
        "median": 1.0878201995944279,
        "p95": 3.8304774573269285,
        "max": 6.474811895064256
      },
      "second_choice_margin_mm": {
        "median": 7.630033217977134,
        "p05": 1.278416987970122,
        "lt_1mm_pct": 3.9117769454848106,
        "lt_2_5mm_pct": 8.98876404494382
      }
    }
  }
}
