{
  "job_index": 2,
  "job_id": "doe_0002",
  "params": {
    "sigma_l": 0.3782540386905639,
    "sigma_t": 0.0977206172347091,
    "sigma_n": 0.05346959421351283,
    "a_kPa": 0.6208941713683807,
    "b": 10.751697331288927,
    "a_f_kPa": 9.934195113074985,
    "b_f": 11.98656218724903,
    "T_max_kPa": 104.5041658014058,
    "heart_rate_bpm": 54.63471264922279,
    "R_p": 171349187.22532398
  },
  "converged": true,
  "duration_s": 3537.3,
  "V_ed_cavity_mL": 209.206,
  "V_es_cavity_mL": 178.146,
  "ef_pct": 14.85,
  "min_jacobian": 0.5668,
  "load_fraction": 1.0,
  "n_iterations": 94
}