{
  "job_index": 7,
  "job_id": "doe_0007",
  "params": {
    "sigma_l": 0.2621393038593305,
    "sigma_t": 0.11469263067177922,
    "sigma_n": 0.08167130152758931,
    "a_kPa": 0.4097005006552996,
    "b": 6.34762351420286,
    "a_f_kPa": 25.271152967241512,
    "b_f": 25.625741451405972,
    "T_max_kPa": 85.91128795917906,
    "heart_rate_bpm": 78.96908805946016,
    "R_p": 91135375.75218676
  },
  "converged": true,
  "duration_s": 4141.8,
  "V_ed_cavity_mL": 209.206,
  "V_es_cavity_mL": 161.728,
  "ef_pct": 22.69,
  "min_jacobian": 0.5,
  "load_fraction": 1.0,
  "n_iterations": 115
}