{
  "job_index": 0,
  "job_id": "doe_0000",
  "params": {
    "sigma_l": 0.4769350618950847,
    "sigma_t": 0.17519068714057928,
    "sigma_n": 0.03828319792731985,
    "a_kPa": 0.6811377177307214,
    "b": 9.744118527382895,
    "a_f_kPa": 21.78791822724355,
    "b_f": 23.950336593382055,
    "T_max_kPa": 127.86696907746375,
    "heart_rate_bpm": 52.57086341547698,
    "R_p": 139616419.03774646
  },
  "converged": true,
  "duration_s": 3755.1,
  "V_ed_cavity_mL": 209.206,
  "V_es_cavity_mL": 177.408,
  "ef_pct": 15.2,
  "min_jacobian": 0.5492,
  "load_fraction": 1.0,
  "n_iterations": 101
}