{
  "job_index": 1,
  "job_id": "doe_0001",
  "params": {
    "sigma_l": 0.3873206088658111,
    "sigma_t": 0.1949855422116062,
    "sigma_n": 0.078460767807371,
    "a_kPa": 0.8284738921137138,
    "b": 7.131524169928645,
    "a_f_kPa": 29.166640059173787,
    "b_f": 29.845741533812042,
    "T_max_kPa": 179.52524137977372,
    "heart_rate_bpm": 60.26036669794098,
    "R_p": 148376157.4486181
  },
  "converged": true,
  "duration_s": 4007.5,
  "V_ed_cavity_mL": 209.206,
  "V_es_cavity_mL": 160.48,
  "ef_pct": 23.29,
  "min_jacobian": 0.5027,
  "load_fraction": 1.0,
  "n_iterations": 110
}