{
  "job_index": 5,
  "job_id": "doe_0005",
  "params": {
    "sigma_l": 0.46766355700077433,
    "sigma_t": 0.10420139937651124,
    "sigma_n": 0.09901596725227539,
    "a_kPa": 0.3093518704398783,
    "b": 10.046276948818672,
    "a_f_kPa": 6.205477066632051,
    "b_f": 28.158481230342367,
    "T_max_kPa": 194.26933401622995,
    "heart_rate_bpm": 65.56195988371304,
    "R_p": 87110379.93210497
  },
  "converged": true,
  "duration_s": 4064.4,
  "V_ed_cavity_mL": 209.206,
  "V_es_cavity_mL": 162.759,
  "ef_pct": 22.2,
  "min_jacobian": 0.5171,
  "load_fraction": 1.0,
  "n_iterations": 112
}