{
  "job_index": 4,
  "job_id": "doe_0004",
  "params": {
    "sigma_l": 0.1872857737319024,
    "sigma_t": 0.08675037274527969,
    "sigma_n": 0.030512676662666886,
    "a_kPa": 0.25409739873692105,
    "b": 11.85408790299696,
    "a_f_kPa": 15.988629248897999,
    "b_f": 17.394531795057652,
    "T_max_kPa": 94.79062743682746,
    "heart_rate_bpm": 79.6423108764523,
    "R_p": 197070434.95689145
  },
  "converged": true,
  "duration_s": 3837.6,
  "V_ed_cavity_mL": 209.206,
  "V_es_cavity_mL": 177.666,
  "ef_pct": 15.08,
  "min_jacobian": 0.5607,
  "load_fraction": 1.0,
  "n_iterations": 104
}