{
  "job_index": 6,
  "job_id": "doe_0006",
  "params": {
    "sigma_l": 0.2668042999722367,
    "sigma_t": 0.12966040057862405,
    "sigma_n": 0.08857263793604576,
    "a_kPa": 0.942696765742296,
    "b": 8.646026417488535,
    "a_f_kPa": 25.901414780871605,
    "b_f": 18.899647602452028,
    "T_max_kPa": 158.2106300438283,
    "heart_rate_bpm": 95.20030599733838,
    "R_p": 121597362.3015851
  },
  "converged": true,
  "duration_s": 3781.3,
  "V_ed_cavity_mL": 209.206,
  "V_es_cavity_mL": 174.573,
  "ef_pct": 16.55,
  "min_jacobian": 0.5343,
  "load_fraction": 1.0,
  "n_iterations": 102
}