{
  "job_index": 3,
  "job_id": "doe_0003",
  "params": {
    "sigma_l": 0.2993790993561741,
    "sigma_t": 0.1724457813559161,
    "sigma_n": 0.025936972964856694,
    "a_kPa": 0.7684633592498202,
    "b": 4.298475564794942,
    "a_f_kPa": 21.279110787596682,
    "b_f": 33.73895893060382,
    "T_max_kPa": 112.46545294546637,
    "heart_rate_bpm": 87.42646091802908,
    "R_p": 189790703.4548387
  },
  "converged": true,
  "duration_s": 5302.0,
  "V_ed_cavity_mL": 209.206,
  "V_es_cavity_mL": 156.086,
  "ef_pct": 25.39,
  "min_jacobian": 0.4562,
  "load_fraction": 1.0,
  "n_iterations": 156
}